filename;crossings;uniformity_edge_length;stress;neighbors_preservation;labelsratio;totLabelsArea;bbox
balloon_new_scaled;0;-1;-1;-1;1.0394405498843465e-13;17353080.74880005;(12920772096.917463, 12920772096.917463)
cone_new_scaled;13554;-1;-1;-1;8.012815962050383e-10;17353080.74880005;(147162009.61559367, 147162009.61559367)
dendogram_new_scaled;147740;-1;-1;-1;3.460820562762415e-08;17353080.74880005;(22219384.32005389, 22566566.400054734)
hierarchical_new_scaled;0;-1;-1;-1;2.9963906646931846e-07;17353080.74880005;(7610077.440020799, 7610077.440020799)
improvedwalker_new_scaled;0;-1;-1;-1;3.419916564639064e-08;17353080.74880005;(22525816.319994044, 22525816.319994044)
radial_new_scaled;2386;-1;-1;-1;3.6399458295758475e-11;17353080.74880005;(690463672.0660902, 690463672.0660902)
